{
  "project_info": {
    "project_number": "118435928251",
    "firebase_url": "https://filmslibrary-a9105-default-rtdb.europe-west1.firebasedatabase.app",
    "project_id": "filmslibrary-a9105",
    "storage_bucket": "filmslibrary-a9105.appspot.com"
  },
  "client": [
    {
      "client_info": {
        "mobilesdk_app_id": "1:118435928251:android:6ffb844d7c8c622d2c319e",
        "android_client_info": {
          "package_name": "com.example.filmslibrary"
        }
      },
      "oauth_client": [
        {
          "client_id": "118435928251-7lfkrbesuc5rr0umlp73kb4015lqd1j2.apps.googleusercontent.com",
          "client_type": 1,
          "android_info": {
            "package_name": "com.example.filmslibrary",
            "certificate_hash": "2ddf97aa9775053bed084feb34ff04d3e3db53ec"
          }
        },
        {
          "client_id": "118435928251-66t0bbkgla7e8c8pqsradbnk0964b7mb.apps.googleusercontent.com",
          "client_type": 3
        }
      ],
      "api_key": [
        {
          "current_key": "AIzaSyBAW8lTCZVKSUulenwMXfx_aZP6b7hD8iw"
        }
      ],
      "services": {
        "appinvite_service": {
          "other_platform_oauth_client": [
            {
              "client_id": "118435928251-66t0bbkgla7e8c8pqsradbnk0964b7mb.apps.googleusercontent.com",
              "client_type": 3
            }
          ]
        }
      }
    }
  ],
  "configuration_version": "1"
}